UserID,Password,SecurityQuestion1,SecurityAnswer1,SecurityQuestion2,SecurityAnswer2,SecurityQuestion3,SecurityAnswer3
10000,superSticious18$,Whats your favorite pets name?,buddy,What was your first car?,volvo,Whats your mothers maiden name?,nicole
10001,stankleg420,Whats your mothers maiden name?,susan,Whats your favorite pets name?,dotson,What was the name of the first girl you kissed?,nicole
10002,yeeyeepriate,What was your first car?,jeep grand cherokee,What street did you grow up on?,jupiter drive,What was the name of the first girl you kissed?,jennifer
10003,password11,What is your favorite teachers name?,mr. bronkowski,What street did you grow up on?,baker avenue,Whats your favorite pets name?,jackie
10004,myfavoritepassword,Whats your favorite pets name?,dodger,What was the name of the first girl you kissed?,ashley sparko,What is your favorite teachers name?,kelly walsh
10005,452ggE##3dfj*,What street did you grow up on?,high street,What was the name of the first girl you kissed?,lindsay lohan,Whats your mothers maiden name?,tewcan
10006,ie2hrt9hb3t6,Whats your mothers maiden name?,marie,Whats your favorite pets name?,sparkles,What was your first car?,ford pinto
10007,SHG&*G78GS^&,What was the name of the first girl you kissed?,sexy girl,Whos your favorite celebrity?,jack black,What street did you grow up on?,marine street
10008,IH789gh89Hh83,Whats your favorite pets name?,rick,What is your favorite teachers name?,erin hall,What was your first car?,lexus gx450
10009,H&*9g743n3r,Whats your favorite pets name?,gordo,Whats your mothers maiden name?,abuella,What is your favorite teachers name?,marte lugamos